year,wheel,motor_volume,price,running_miles,model_enc,motor_type_enc,wheel_enc,color_enc,type_enc,status_enc
2022,left,2.0,24500,1864.113,4,3,0,15,5,1
2014,left,2.0,25500,82020.972,2,3,0,1,5,1
2018,left,2.0,11700,95000.0,1,3,0,10,5,1
2017,left,2.0,26000,80778.23,2,3,0,1,5,2
2019,left,2.0,23200,49000.0,3,3,0,7,6,1
2019,left,2.0,7000,52816.535,2,3,0,1,5,1
2021,left,2.0,13900,58000.0,0,3,0,14,5,0
2016,left,2.0,16800,84382.1818,3,3,0,14,6,1
2018,left,2.0,14300,136701.62,4,3,0,14,5,1
2019,left,2.0,15300,38100.0,0,3,0,1,5,1
2018,left,2.0,16900,102000.0,3,3,0,16,1,2
2017,left,2.0,17500,60894.358,4,1,0,16,5,1
2017,left,2.0,15500,60000.0,4,3,0,16,5,1
2011,left,2.0,12700,142915.33,2,3,0,7,5,1
2019,left,2.0,14800,33000.0,0,3,0,1,5,1
2022,left,2.0,23800,7000.0,0,3,0,1,5,1
2018,left,2.0,19000,50000.0,3,3,0,16,6,2
2019,left,2.0,17000,64000.0,1,3,0,1,5,1
2017,left,2.0,15000,80000.0,4,1,0,1,5,1
2018,left,2.0,16200,44000.0,0,3,0,16,5,1
2019,left,2.0,11000,78900.0,1,3,0,13,5,0
2002,left,2.0,6800,114953.635,2,3,0,10,5,4
2015,left,2.0,15500,11184.678,0,3,0,1,5,1
2010,left,2.0,10900,130487.91,2,3,0,1,5,1
1997,left,2.0,8200,89477.424,2,1,0,16,5,1
2017,left,2.0,19700,65243.955,4,1,0,16,5,1
2019,left,2.0,16500,45981.454,1,3,0,7,5,1
2018,left,2.0,16500,68000.0,0,3,0,1,5,2
2019,left,2.0,12500,66486.697,1,3,0,16,5,0
2019,left,2.0,15000,30000.0,1,3,0,13,5,1
2019,left,2.0,16500,57000.0,1,3,0,16,5,1
2018,left,2.0,15750,20000.0,0,3,0,2,5,1
2001,left,2.0,6000,161556.46,2,1,0,16,5,2
2021,left,2.0,25500,18951.8155,0,3,0,7,5,1
2019,left,2.0,17700,49709.68,4,3,0,16,5,2
2021,left,2.0,21500,13000.0,1,3,0,1,5,1
2009,left,2.0,9300,143000.0,3,3,0,10,6,2
2018,left,2.0,18700,34000.0,3,3,0,9,6,1
2023,left,2.0,24000,700.0,0,3,0,1,5,0
2020,left,2.0,17200,15000.0,0,3,0,1,5,2
2017,left,2.0,12600,85000.0,1,3,0,16,5,1
2017,left,2.0,13200,82000.0,1,3,0,14,5,1
2014,left,2.0,13900,57299.726765,4,3,0,16,5,1
2020,left,2.0,18700,24000.0,3,3,0,1,6,1
2020,left,2.0,16200,39000.0,1,3,0,7,5,1
2008,left,2.0,11200,142915.33,2,3,0,16,5,1
2020,left,2.0,13500,11000.0,0,3,0,1,5,1
2017,left,2.0,17500,95000.0,3,3,0,9,6,1
2020,left,2.0,18600,20999.0,1,3,0,7,5,1
2017,left,2.0,15300,108000.0,3,3,0,16,6,1
2018,left,2.0,18000,78000.0,3,3,0,7,6,2
2016,left,2.0,15000,100000.0,3,3,0,1,5,1
2019,left,2.0,14000,40000.0,1,3,0,7,5,1
2022,left,2.0,27900,4700.0,1,3,0,16,5,1
2015,left,2.0,12800,96000.0,0,3,0,16,5,1
2019,left,2.0,14300,102000.0,0,3,0,7,5,1
2019,left,2.0,17500,14800.0,1,3,0,1,5,1
2018,left,2.0,16500,9320.565,3,3,0,16,6,1
2017,left,2.0,18400,65000.0,3,3,0,1,6,2
2017,left,2.0,19500,61250.0,3,3,0,16,6,1
1999,left,2.0,8500,160000.0,2,4,0,16,5,1
2019,left,2.0,14700,70000.0,1,3,0,14,5,1
2018,left,2.0,15500,103000.0,3,3,0,1,6,2
2021,left,2.0,19700,53000.0,0,3,0,7,5,1
2019,left,2.0,14200,18889.6784,1,3,0,1,5,1
2017,left,2.0,17000,100000.0,3,3,0,1,6,1
2018,left,2.0,18000,35418.147,3,3,0,13,6,1
2019,left,2.0,14000,33000.0,1,3,0,1,5,1
2017,left,2.0,23500,88000.0,2,3,0,1,5,2
2007,left,2.0,7700,98700.0,0,3,0,14,5,2
2018,left,2.0,22000,62000.0,3,3,0,16,6,1
2002,left,2.0,6625,116444.92540000001,2,4,0,14,5,1
2016,left,2.0,24000,71457.665,2,3,0,1,5,1
2020,left,2.0,15700,14291.533,1,3,0,1,5,0
2019,left,2.0,28000,38000.0,3,3,0,1,6,1
2016,left,2.0,28000,71457.665,2,3,0,16,5,1
2014,left,2.0,12200,119000.0,4,3,0,10,5,2
2020,left,2.0,17000,36000.0,0,3,0,2,5,1
2021,left,2.0,28000,19262.501,0,3,0,14,5,1
1997,left,2.0,8700,100.04073100000001,2,4,0,14,5,2
2016,left,2.0,16900,120000.0,4,3,0,1,5,1
1997,left,2.0,3900,155421.664117,2,3,0,14,5,4
2016,left,2.0,12500,61000.0,0,4,0,2,5,1
2014,left,2.0,10000,65243.955,0,3,0,2,5,1
2022,left,2.0,25500,2400.0,4,3,0,1,5,3
2016,left,2.0,14000,62137.1,4,3,0,16,5,2
2019,left,2.0,15900,43495.97,1,3,0,14,5,1
2019,left,2.0,14500,43495.97,3,3,0,2,6,2
2017,left,2.0,15250,77000.0,3,3,0,16,6,1
2018,left,2.0,12500,55923.39,0,3,0,1,5,1
2019,left,2.0,19800,40000.0,3,3,0,1,6,1
2018,left,2.0,12800,24000.0,1,3,0,4,5,1
2021,left,2.0,19000,12900.0,1,3,0,2,5,1
2016,left,2.0,12300,56000.0,0,3,0,2,5,1
2015,left,2.0,25000,93205.65,2,3,0,1,5,1
2018,left,2.0,22200,69000.0,3,3,0,16,6,3
2018,left,2.0,18000,75000.0,4,3,0,1,5,1
2019,left,2.0,22500,43495.97,3,3,0,1,6,1
2015,left,2.0,15000,76428.633,4,3,0,7,5,2
2021,left,2.0,24800,14291.533,0,3,0,7,5,3
2017,left,2.0,23900,42253.228,3,3,0,1,1,1
2017,left,2.0,11400,82000.0,0,3,0,14,5,2
2018,left,2.0,15550,23.0,0,3,0,1,5,2
2016,left,2.0,12300,68350.81,0,3,0,16,5,1
2011,left,2.0,8000,161028.29465,1,3,0,5,5,2
2019,left,2.0,15600,44000.0,1,3,0,1,5,2
2019,left,2.0,16000,50400.0,0,3,0,14,5,1
2017,left,2.0,17500,60000.0,3,3,0,16,6,1
2021,left,2.0,21500,21747.985,4,3,0,16,5,1
2015,left,2.0,11500,90000.0,1,3,0,1,5,1
2017,left,2.0,18500,50331.051,4,3,0,1,5,1
2020,left,2.0,19500,28000.0,4,3,0,1,5,2
2010,left,2.0,7500,65243.955,0,3,0,7,5,1
2022,left,2.0,26900,745.6452,0,3,0,16,5,3
2020,left,2.0,21500,15500.0,3,3,0,16,6,1
2017,left,2.0,12700,99950.0,0,3,0,4,5,1
2017,left,2.0,14500,69000.0,0,3,0,1,5,1
2019,left,2.0,15800,46000.0,1,3,0,1,5,1
2014,left,2.0,15750,138.0,0,4,0,1,5,2
2012,left,2.0,11300,88856.053,0,3,0,16,5,1
2017,left,2.0,24500,35000.0,2,3,0,1,5,0
2013,left,2.0,7000,110000.0,0,1,0,14,5,1
2019,left,2.0,14500,60500.0,0,3,0,16,5,1
2016,left,2.0,12800,40000.0,1,3,0,14,5,1
2017,left,2.0,14200,52195.164,0,3,0,16,5,2
2006,left,2.0,7300,155342.75,2,3,0,1,5,2
2019,left,2.0,16300,21747.985,0,3,0,7,5,1
2019,left,2.0,16900,65000.0,1,3,0,7,5,1
2021,left,2.0,20500,14726.4927,1,3,0,1,5,1
2015,left,2.0,12000,130.0,0,3,0,1,5,2
2015,left,2.0,24900,77000.0,2,3,0,1,5,2
2016,left,2.0,19200,80778.23,4,3,0,1,5,1
2018,left,2.0,17500,77600.0,3,3,0,7,5,1
2017,left,2.0,11400,97000.0,0,3,0,1,5,1
2017,left,2.0,22500,45360.083,3,3,0,16,6,1
2007,left,2.0,11700,155342.75,2,3,0,14,5,2
2019,left,2.0,17800,29204.437,0,3,0,7,5,1
2019,left,2.0,15300,34175.405,0,3,0,14,5,1
2020,left,2.0,15200,24000.0,1,3,0,1,5,1
2017,left,2.0,21500,55923.39,4,3,0,14,5,1
2017,left,2.0,15300,83000.0,3,3,0,7,6,1
2019,left,2.0,24500,994.1936000000001,4,3,0,7,5,1
2014,left,2.0,13300,140000.0,4,1,0,1,5,1
2008,left,2.0,9500,154100.008,2,1,0,16,5,1
1996,left,2.0,4700,167770.17,2,1,0,1,5,2
2017,left,2.0,13800,52000.0,0,3,0,1,5,1
1997,left,2.0,5200,99419.36,2,3,0,14,5,1
2017,left,2.0,15700,70000.0,3,3,0,1,1,1
2020,left,2.0,20000,13670.162,4,3,0,2,5,1
2018,left,2.0,13400,55000.0,0,3,0,13,5,1
2019,left,2.0,16400,35286.0,1,3,0,14,5,1
1998,left,2.0,5200,167770.17,2,3,0,2,5,4
2017,left,2.0,13500,85000.0,0,1,0,14,5,1
2017,left,2.0,11400,66000.0,1,4,0,2,5,1
2021,left,2.0,25700,14291.533,0,3,0,4,5,1
2017,left,2.0,13300,125000.0,0,3,0,14,5,2
2018,left,2.0,13800,35000.0,0,3,0,3,5,1
2020,left,2.0,15500,39000.0,1,3,0,16,5,1
2023,left,2.0,26000,391.46373,0,3,0,7,5,1
2010,left,2.0,12000,6.21371,2,3,0,1,5,1
2018,left,2.0,16000,42000.0,1,3,0,2,5,1
2020,left,2.0,17500,2423.3469,0,3,0,16,5,1
2017,left,2.0,11500,120000.0,1,4,0,1,5,1
2019,left,2.0,16500,81000.0,1,3,0,14,5,1
2020,left,2.0,13700,53000.0,0,3,0,14,5,2
2018,left,2.0,17700,44117.341,3,3,0,16,1,1
2008,left,2.0,10800,142293.959,2,3,0,1,5,1
2022,left,2.0,26900,5000.0,1,3,0,16,5,2
2012,left,2.0,12000,110000.0,4,1,0,16,5,1
2008,left,2.0,6800,107497.183,4,3,0,14,5,1
2020,left,2.0,19000,62137.1,4,3,0,1,5,2
2018,left,2.0,17000,30000.0,0,3,0,7,5,1
2019,left,2.0,13500,29825.808,1,3,0,9,5,2
2019,left,2.0,17000,56000.0,1,3,0,7,5,1
2020,left,2.0,18400,55923.39,3,3,0,7,6,1
2008,left,2.0,9500,150000.0,2,1,0,16,5,2
2019,left,2.0,22300,41631.857,3,3,0,1,6,2
2019,left,2.0,15900,27000.0,1,3,0,1,5,1
2021,left,2.0,19500,31068.55,0,3,0,1,5,1
2020,left,2.0,21000,8250.0,3,3,0,16,6,1
2018,left,2.0,14000,64000.0,0,3,0,16,5,1
2020,left,2.0,17500,44886.0,1,3,0,16,5,1
2020,left,2.0,18200,33600.0,1,3,0,7,5,1
2019,left,2.0,15800,40000.0,1,3,0,2,5,1
2017,left,2.0,13500,81399.601,0,3,0,1,5,4
2022,left,2.0,19500,6213.71,4,3,0,16,5,1
2018,left,2.0,18500,70000.0,3,3,0,1,6,1
2017,left,2.0,12000,66000.0,1,3,0,14,5,2
2018,left,2.0,17500,60000.0,3,3,0,14,6,1
2006,left,2.0,8000,113710.893,2,3,0,1,5,1
2019,left,2.0,17500,11295.0,0,3,0,1,5,1
2019,left,2.0,15600,47224.196,0,3,0,16,5,1
1998,left,2.0,15750,71457.665,2,1,0,16,5,1
1994,left,2.0,4000,173983.88,2,1,0,1,5,2
2019,left,2.0,22700,42874.599,3,3,0,16,6,1
2019,left,2.0,15500,65000.0,0,3,0,14,5,2
2019,left,2.0,16500,71300.0,0,3,0,1,5,1
2013,left,2.0,10000,102000.0,0,3,0,7,5,2
2016,left,2.0,12700,120.0,3,3,0,2,6,1
2009,left,2.0,10500,124274.2,3,3,0,2,6,1
2020,left,2.0,15500,9320.565,0,3,0,7,5,1
2019,left,2.0,17000,49000.0,1,3,0,14,5,1
2019,left,2.0,22000,22369.356,3,3,0,1,1,2
2012,left,2.0,9500,111846.78,0,3,0,1,5,2
2021,left,2.0,24000,19883.872,0,3,0,16,5,1
1999,left,2.0,4700,136701.62,2,4,0,2,5,1
2019,left,2.0,16900,24854.84,1,3,0,7,5,1
2018,left,2.0,15000,33554.034,0,3,0,14,5,1
2018,left,2.0,12500,76620.0,2,3,0,16,5,0
2000,left,2.0,5300,129866.539,2,3,0,2,5,4
2017,left,2.0,13800,75000.0,1,1,0,3,5,2
2019,left,2.0,16800,30500.0,1,3,0,2,5,1
2016,left,2.0,13500,52195.164,1,3,0,1,5,1
2021,left,2.0,25500,44738.712,0,3,0,16,5,1
2017,left,2.0,18000,53437.906,3,3,0,1,6,1
2012,left,2.0,10500,120.0,0,3,0,4,5,1
2020,left,2.0,13800,37282.26,1,3,0,16,5,0
2019,left,2.0,14600,15720.6863,1,3,0,2,5,1
2018,left,2.0,15200,42000.0,0,1,0,16,5,1
2019,left,2.0,19800,31068.55,4,3,0,1,5,1
2019,left,2.0,18500,26000.0,1,3,0,2,5,1
2000,left,2.0,4750,136701.62,2,3,0,2,5,4
2016,left,2.0,11500,111000.0,0,3,0,10,5,2
1996,left,2.0,4500,136701.62,2,3,0,2,5,2
2013,left,2.0,8600,86000.0,0,3,0,16,5,2
2017,left,2.0,18000,54000.0,3,3,0,16,6,1
2018,left,2.0,20000,31068.55,3,3,0,7,6,1
2003,left,2.0,5000,173983.88,2,3,0,14,5,4
2015,left,2.0,13500,110000.0,4,3,0,1,5,1
2019,left,2.0,18500,70000.0,3,3,0,7,6,2
2022,left,2.0,24800,6835.081,0,3,0,1,5,1
2011,left,2.0,11000,86991.94,4,1,0,7,5,1
2015,left,2.0,11600,80000.0,0,3,0,2,5,1
2000,left,2.0,5600,124274.2,2,1,0,14,5,2
2009,left,2.0,10250,130000.0,4,1,0,14,5,2
2017,left,2.0,14200,75000.0,0,3,0,16,5,1
1998,left,2.0,7000,167770.17,2,3,0,1,5,1
2014,left,2.0,9300,160000.0,1,3,0,16,5,1
2018,left,2.0,12400,52000.0,1,3,0,2,5,2
2017,left,2.0,12600,41259.0344,1,3,0,16,5,1
2008,left,2.0,10500,74564.52,2,3,0,16,5,1
2020,left,2.0,19800,42000.0,1,3,0,10,5,1
2019,left,2.0,15750,28000.0,0,3,0,16,5,1
2019,left,2.0,16500,13000.0,0,3,0,1,5,1
2021,left,2.0,18400,33000.0,1,3,0,2,5,1
2015,left,2.0,16000,85127.827,4,3,0,1,5,1
2020,left,2.0,21500,46602.825,4,3,0,14,5,1
2019,left,2.0,17500,68000.0,0,3,0,1,5,1
2013,left,2.0,9600,150000.0,1,3,0,16,5,2
2017,left,2.0,26000,34796.776,2,3,0,7,5,1
2017,left,2.0,16500,78914.117,3,3,0,14,6,1
2012,left,2.0,12500,80778.23,2,3,0,2,5,1
2012,left,2.0,8500,64622.584,3,3,0,2,6,2
2018,left,2.0,16500,22000.0,0,3,0,14,5,1
2013,left,2.0,10800,113000.0,0,3,0,1,5,1
2017,left,2.0,13400,43495.97,1,3,0,2,5,1
2020,left,2.0,23700,17398.388,4,3,0,16,5,1
2017,left,2.0,18500,52816.535,3,3,0,1,6,1
2011,left,2.0,9200,115000.0,0,1,0,1,5,2
2011,left,2.0,8500,127000.0,1,3,0,14,5,1
2018,left,2.0,18000,59030.245,3,3,0,7,6,1
2013,left,2.0,8500,120000.0,1,3,0,1,5,1
2016,left,2.0,13000,81000.0,0,3,0,16,5,1
2019,left,2.0,17000,19000.0,0,3,0,1,5,1
2011,left,2.0,7000,150000.0,0,3,0,1,5,2
2019,left,2.0,15300,56000.0,0,3,0,14,5,1
2014,left,2.0,15000,71457.665,2,3,0,16,5,2
2016,left,2.0,23000,85127.827,2,3,0,1,5,2
2011,left,2.0,12700,107000.0,0,3,0,1,5,1
2019,left,2.0,14600,50000.0,1,3,0,16,5,1
2001,left,2.0,4000,155342.75,2,1,0,1,5,4
2023,left,2.0,21800,2050.5243,1,3,0,7,5,3
2018,left,2.0,17000,100000.0,3,3,0,7,6,1
2019,left,2.0,15500,75000.0,0,3,0,1,5,1
2012,left,2.0,15750,104182.79008600001,4,3,0,16,5,1
2018,left,2.0,20500,34796.776,4,3,0,1,5,1
2002,left,2.0,6600,124274.2,2,1,0,14,5,2
2018,left,2.0,12650,45360.083,0,3,0,1,5,1
2000,left,2.0,7750,96312.505,2,3,0,14,5,1
2018,left,2.0,16300,22000.0,3,3,0,13,6,1
2019,left,2.0,15000,43000.0,0,3,0,16,5,1
2018,left,2.0,18500,55450.0,3,3,0,14,6,2
2017,left,2.0,27200,70000.0,2,3,0,7,5,1
2016,left,2.0,11800,102500.0,1,4,0,4,5,2
2007,left,2.0,8200,164663.315,4,3,0,16,5,2
2015,left,2.0,13700,27961.695,4,3,0,7,5,1
2015,left,2.0,14900,100000.0,4,3,0,1,5,1
2019,left,2.0,15800,22300.0,1,3,0,7,5,1
2017,left,2.0,11950,110000.0,1,3,0,16,5,1
2017,left,2.0,18300,35000.0,3,3,0,16,6,1
2021,left,2.0,27000,18700.0,0,3,0,16,5,1
2020,left,2.0,17500,82000.0,1,3,0,7,5,1
2011,left,2.0,9000,147000.0,0,1,0,16,5,4
2001,left,2.0,4990,137944.362,2,1,0,14,5,1
2021,left,2.0,15750,68350.81,4,3,0,1,5,1
2022,left,2.0,15750,31.068550000000002,2,0,0,7,4,1
2006,left,2.0,8300,99419.36,2,3,0,1,5,1
2017,left,2.0,15600,39954.1553,0,3,0,16,5,1
2021,left,2.0,23000,12396.35145,0,3,0,7,5,1
2019,left,2.0,20000,24000.0,1,3,0,2,5,1
2018,left,2.0,11600,13600.0,1,3,0,2,5,1
2019,left,2.0,15500,45000.0,1,3,0,7,5,1
2018,left,2.0,21300,59030.245,4,3,0,1,5,1
2016,left,2.0,15000,99419.36,4,3,0,16,5,1
2017,left,2.0,21000,6213.71,2,3,0,16,5,0
2020,left,2.0,15800,54680.648,1,3,0,1,5,1
2011,left,2.0,13300,108739.925,2,1,0,16,5,1
2018,left,2.0,17500,40000.0,3,3,0,1,6,1
2009,left,2.0,11300,123031.458,2,4,0,14,5,1
2012,left,2.0,15500,142293.959,2,3,0,1,5,1
2017,left,2.0,17300,65000.0,3,3,0,1,6,1
2008,left,2.0,10000,111846.78,4,3,0,1,5,2
2018,left,2.0,19000,39000.0,3,3,0,16,6,1
2005,left,2.0,7000,155342.75,2,3,0,1,5,2
2018,left,2.0,18600,65000.0,3,3,0,1,6,1
2019,left,2.0,14300,40000.0,0,3,0,14,5,2
2019,left,2.0,16300,57000.0,1,3,0,16,5,1
2017,left,2.0,18750,70000.0,3,3,0,1,6,2
2014,left,2.0,14500,130487.91,4,3,0,16,5,1
2013,left,2.0,15500,99419.36,2,3,0,7,5,2
2017,left,2.0,21000,39500.0,3,3,0,1,6,1
1997,left,2.0,4800,114953.635,2,3,0,7,5,1
2019,left,2.0,14000,29000.0,0,3,0,7,5,1
2018,left,2.0,17200,60000.0,1,3,0,1,5,1
2019,left,2.0,16000,90000.0,0,3,0,1,5,1
2019,left,2.0,15000,22990.727,0,3,0,1,5,2
2018,left,2.0,16000,50952.422,3,3,0,7,6,1
2015,left,2.0,14800,33400.0,3,3,0,14,5,1
2018,left,2.0,13700,49709.68,3,3,0,16,6,1
1996,left,2.0,5200,170255.654,2,1,0,16,5,1
2017,left,2.0,16300,79650.0,0,3,0,16,5,1
2019,left,2.0,16500,68300.0,1,3,0,16,5,1
2018,left,2.0,14500,55923.39,1,3,0,16,5,1
2019,left,2.0,14900,41300.0,1,3,0,1,5,1
2016,left,2.0,16500,70000.0,3,3,0,7,6,1
1999,left,2.0,6500,186.4113,2,1,0,2,5,2
2019,left,2.0,17500,55302.019,0,3,0,1,5,1
2020,left,2.0,16200,38000.0,0,3,0,1,5,1
2017,left,2.0,27500,81500.0,2,3,0,1,5,1
2020,left,2.0,25000,42000.0,4,3,0,1,5,1
2007,left,2.0,12000,173983.88,2,4,0,1,5,2
2019,left,2.0,16500,39767.744,1,3,0,13,5,1
2020,left,2.0,16800,41000.0,1,3,0,1,5,1
2021,left,2.0,21500,621.371,3,3,0,1,6,1
2009,left,2.0,10200,125516.942,2,3,0,7,5,2
2018,left,2.0,15750,24854.84,1,3,0,1,5,2
2018,left,2.0,18700,23612.098,3,3,0,13,6,1
2019,left,2.0,16800,22369.356,3,3,0,1,6,1
2012,left,2.0,12990,101283.473,2,3,0,1,5,1
2017,left,2.0,17000,67000.0,3,3,0,16,6,1
2019,left,2.0,16200,38525.002,0,3,0,16,5,1
2018,left,2.0,15125,50005.0,1,3,0,16,5,1
2015,left,2.0,14300,62000.0,4,3,0,1,5,1
2020,left,2.0,12500,63000.0,0,3,0,16,5,0
2017,left,2.0,13500,82000.0,1,3,0,16,5,1
2017,left,2.0,17500,48318.430331,3,3,0,13,6,1
2021,left,2.0,27000,7900.0,0,3,0,2,5,1
2017,left,2.0,15200,40389.115,0,3,0,16,5,1
2019,left,2.0,16500,63000.0,1,3,0,7,5,1
2020,left,2.0,27500,5405.9277,4,3,0,2,5,1
2014,left,2.0,15800,93205.65,2,3,0,16,5,2
2019,left,2.0,18700,70000.0,0,3,0,16,5,1
2003,left,2.0,6300,155342.75,2,1,0,14,5,2
2016,left,2.0,16000,68350.81,4,3,0,1,5,1
2018,left,2.0,19500,40389.115,3,3,0,16,6,1
2017,left,2.0,14000,75000.0,0,3,0,13,5,2
2018,left,2.0,17000,39000.0,3,3,0,14,6,4
2018,left,2.0,17300,37000.0,1,3,0,14,5,1
2020,left,2.0,22900,42253.228,4,3,0,14,5,1
2021,left,2.0,15800,55063.412536,1,3,0,16,5,4
2022,left,2.0,25300,5405.9277,1,3,0,1,5,1
2019,left,2.0,17900,47845.567,3,3,0,14,6,1
2010,left,2.0,12000,99419.36,3,3,0,1,2,1
2019,left,2.0,16500,65000.0,0,3,0,7,5,1
1995,left,2.0,4600,21747.985,2,1,0,16,5,4
2018,left,2.0,21000,59727.423262000004,3,3,0,14,6,1
2018,left,2.0,20000,43495.97,3,3,0,1,6,1
2018,left,2.0,17300,101.0,1,3,0,7,5,1
2019,left,2.0,18000,62137.1,1,3,0,1,5,1
2014,left,2.0,18300,108118.554,2,3,0,1,5,1
2017,left,2.0,18300,44738.712,3,3,0,7,6,1
1996,left,2.0,15750,111846.78,2,1,0,1,5,4
2017,left,2.0,15500,65243.955,3,3,0,16,6,1
2018,left,2.0,18000,75000.0,3,3,0,1,6,1
2018,left,2.0,15350,55000.0,0,3,0,14,5,1
2017,left,2.0,11000,120000.0,0,3,0,1,5,2
2017,left,2.0,15750,44738.712,4,3,0,16,5,1
2014,left,2.0,13900,101283.473,2,3,0,7,5,2
2019,left,2.0,23400,26000.0,3,3,0,7,1,1
2018,left,2.0,14200,65000.0,1,3,0,1,5,1
2021,left,2.0,20500,10600.0,1,3,0,2,5,1
2018,left,2.0,12200,112000.0,1,3,0,2,5,1
2017,left,2.0,13800,103000.0,0,3,0,13,5,1
2019,left,2.0,21000,6213.71,3,3,0,7,6,1
2020,left,2.0,23000,1400.0,1,3,0,1,5,1
2016,left,2.0,26000,37282.26,2,3,0,16,5,1
2017,left,2.0,15700,35000.0,0,3,0,7,5,1
2018,left,2.0,12900,66000.0,1,3,0,1,5,1
2012,left,2.0,6200,118060.49,1,1,0,1,5,2
2014,left,2.0,14400,71457.665,4,3,0,16,5,1
2017,left,2.0,11000,81200.0,1,3,0,2,5,1
2018,left,2.0,15750,78000.0,1,3,0,14,5,1
2014,left,2.0,14400,55000.0,4,1,0,0,5,2
2007,left,2.0,8500,118060.49,2,3,0,13,5,1
2018,left,2.0,14600,51573.793,0,3,0,7,5,1
2016,left,2.0,20000,99419.36,0,3,0,1,5,1
2011,left,2.0,9800,73000.0,0,3,0,1,5,2
2020,left,2.0,17200,38000.0,3,3,0,1,1,0
2019,left,2.0,15750,76000.0,0,3,0,16,5,1
2020,left,2.0,19000,60000.0,1,3,0,14,5,1
2014,left,2.0,11000,45000.0,0,3,0,16,0,1
2019,left,2.0,22000,24200.0,3,3,0,16,6,1
2021,left,2.0,17300,52207.59142,0,3,0,16,5,0
2012,left,2.0,10500,123000.0,0,1,0,1,5,2
2019,left,2.0,21500,10563.307,3,3,0,1,6,1
2020,left,2.0,21000,26097.582,4,3,0,16,5,1
2018,left,2.0,12500,90000.0,0,3,0,1,5,1
2017,left,2.0,13900,40000.0,0,1,0,1,5,1
2017,left,2.0,27000,48466.938,2,3,0,1,5,1
2017,left,2.0,19900,19883.872,4,3,0,1,5,1
2013,left,2.0,9500,138000.0,0,4,0,16,5,1
2018,left,2.0,15500,70000.0,4,3,0,10,5,2
2017,left,2.0,18000,66000.0,3,3,0,16,6,2
2018,left,2.0,15500,117000.0,3,3,0,14,6,1
2019,left,2.0,20300,41321.171500000004,1,3,0,16,5,1
2020,left,2.0,26000,15600.0,4,3,0,1,5,1
2017,left,2.0,16000,16901.2912,3,3,0,16,6,2
2019,left,2.0,16600,58000.0,0,3,0,16,5,2
2018,left,2.0,13900,85000.0,1,3,0,16,5,1
2016,left,2.0,11300,69000.0,1,3,0,16,5,1
2018,left,2.0,18500,42000.0,3,3,0,14,6,1
2018,left,2.0,11800,129000.0,0,3,0,1,5,1
2018,left,2.0,18000,65000.0,3,3,0,7,6,1
2019,left,2.0,16200,47845.567,3,3,0,16,6,1
2014,left,2.0,11700,65000.0,0,1,0,16,5,1
2018,left,2.0,13800,20000.0,1,3,0,1,5,1
2014,left,2.0,10500,133000.0,0,3,0,1,5,2
2019,left,2.0,13000,83885.085,1,3,0,16,5,0
2016,left,2.0,27000,86991.94,2,3,0,16,5,2
2019,left,2.0,16500,66000.0,1,3,0,7,5,1
2019,left,2.0,18000,42000.0,1,3,0,7,5,1
2019,left,2.0,13600,42000.0,0,3,0,1,5,1
2019,left,2.0,21700,77000.0,3,3,0,1,6,1
2017,left,2.0,27000,70000.0,2,3,0,16,5,1
2018,left,2.0,17500,46602.825,3,3,0,14,6,1
2018,left,2.0,15000,25000.0,3,3,0,16,6,1
2017,left,2.0,14800,130000.0,0,3,0,2,5,1
2018,left,2.0,15200,53000.0,0,3,0,1,5,1
2019,left,2.0,16200,36039.518000000004,1,3,0,7,5,1
2015,left,2.0,27500,64001.213,2,3,0,7,5,1
2020,left,2.0,20000,33000.0,3,3,0,7,6,1
2016,left,2.0,12700,110000.0,0,3,0,16,5,2
2000,left,2.0,6000,124274.2,2,3,0,2,5,4
2018,left,2.0,16200,99000.0,1,3,0,2,5,1
2016,left,2.0,14900,39146.373,3,3,0,1,2,1
2019,left,2.0,15900,22990.727,1,3,0,16,5,1
2017,left,2.0,15400,80000.0,4,3,0,1,5,1
2005,left,2.0,8000,100.04073100000001,2,1,0,2,5,1
2020,left,2.0,17500,53000.0,3,3,0,1,6,2
2012,left,2.0,9100,97000.0,1,3,0,1,5,1
2019,left,2.0,16300,60000.0,1,3,0,2,5,2
2015,left,2.0,11200,58000.0,0,4,0,14,5,2
2018,left,2.0,13400,46602.825,1,3,0,1,5,2
2013,left,2.0,16700,115000.0,2,3,0,1,5,1
2020,left,2.0,19700,36660.889,4,3,0,1,5,1
2016,left,2.0,26500,99419.36,2,3,0,1,5,2
2017,left,2.0,18500,60894.358,0,3,0,16,5,1
2020,left,2.0,19799,39000.0,1,3,0,14,5,1
2019,left,2.0,20500,113000.0,4,3,0,1,5,1
2016,left,2.0,15750,75000.0,2,3,0,14,5,1
2011,left,2.0,12500,152235.895,2,3,0,1,5,1
2018,left,2.0,18000,77671.375,3,3,0,14,6,2
2012,left,2.0,9700,49.70968,0,3,0,1,5,1
2017,left,2.0,17500,89477.424,0,3,0,1,5,1
2017,left,2.0,15500,39767.744,3,3,0,7,6,1
2020,left,2.0,18500,11800.0,1,3,0,7,5,1
2018,left,2.0,16700,76000.0,0,3,0,16,5,1
2016,left,2.0,13500,19000.0,0,3,0,16,5,1
2018,left,2.0,17500,96000.0,3,3,0,1,6,1
2017,left,2.0,12900,91000.0,1,3,0,1,5,1
2019,left,2.0,18000,5555.0,0,3,0,1,5,1
2019,left,2.0,20000,30000.0,1,3,0,16,5,1
2016,left,2.0,12650,51000.0,0,3,0,13,5,1
2019,left,2.0,15300,12644.89985,0,3,0,1,5,1
2017,left,2.0,12450,27144.0,0,3,0,13,5,1
2014,left,2.0,14500,95069.763,4,1,0,16,5,2
2019,left,2.0,15300,73.0,1,3,0,1,5,1
2018,left,2.0,15750,49709.68,3,3,0,1,6,1
2019,left,2.0,16300,28501.0,1,3,0,1,5,1
2017,left,2.0,18500,120000.0,3,3,0,1,6,1
2022,left,2.0,15750,4349.597,1,3,0,1,5,1
2021,left,2.0,25000,29204.437,0,3,0,16,5,1
2017,left,2.0,17500,45981.454,4,3,0,1,5,1
2017,left,2.0,13450,80000.0,1,3,0,16,5,1
1997,left,2.0,4300,690.343181,2,1,0,10,5,2
2018,left,2.0,16300,62137.1,3,3,0,16,1,1
2019,left,2.0,14200,78000.0,0,3,0,4,5,1
2019,left,2.0,15750,47000.0,3,3,0,16,6,1
2020,left,2.0,18000,62000.0,1,3,0,1,5,1
2017,left,2.0,16800,61515.729,3,3,0,14,6,1
2020,left,2.0,16500,9320.565,0,1,0,7,5,1
2019,left,2.0,17500,37000.0,1,3,0,14,5,1
2022,left,2.0,27900,7456.452,0,3,0,1,5,1
2022,left,2.0,15750,3106.855,0,3,0,1,5,1
2019,left,2.0,10600,31068.55,1,3,0,7,5,0
2020,left,2.0,19000,34000.0,3,3,0,7,6,1
2016,left,2.0,15750,73321.778,4,3,0,16,5,1
2018,left,2.0,15900,27000.0,1,1,0,16,5,1
2017,left,2.0,15991,90000.0,3,3,0,8,1,1
2017,left,2.0,13900,41010.486,1,3,0,1,5,1
2018,left,2.0,21000,34175.405,3,1,0,1,6,1
2020,left,2.0,17000,47000.0,0,3,0,16,5,1
2019,left,2.0,19800,45000.0,1,3,0,14,5,1
2008,left,2.0,12000,142915.33,2,1,0,7,5,1
2001,left,2.0,6500,167148.799,2,3,0,14,5,2
2017,left,2.0,14500,50952.422,0,3,0,16,5,1
2017,left,2.0,19400,72700.407,3,3,0,7,6,1
2018,left,2.0,13000,79000.0,1,3,0,16,5,1
2020,left,2.0,23000,34796.776,4,3,0,1,5,3
2015,left,2.0,27000,34796.776,2,3,0,16,5,1
2022,left,2.0,24500,8000.0,0,3,0,1,5,2
2007,left,2.0,6800,135.0,2,1,0,1,5,4
2019,left,2.0,18000,56000.0,3,3,0,14,6,1
2019,left,2.0,16500,12427.42,1,3,0,14,5,1
2017,left,2.0,13800,40000.0,1,3,0,16,5,1
2017,left,2.0,10300,82000.0,1,3,0,14,5,2
2020,left,2.0,17000,37282.26,4,3,0,1,5,4
2020,left,2.0,13650,44117.341,0,3,0,16,5,1
2010,left,2.0,8499,96312.505,4,1,0,16,5,1
2017,left,2.0,11300,50000.0,0,3,0,16,5,1
2016,left,2.0,12100,86991.94,4,3,0,16,5,2
2016,left,2.0,27900,74564.52,2,3,0,1,5,1
2018,left,2.0,16500,80000.0,3,3,0,14,6,1
2019,left,2.0,13500,46602.825,0,3,0,1,5,1
2019,left,2.0,17200,53000.0,3,3,0,7,6,1
2019,left,2.0,15500,43000.0,1,3,0,16,5,1
2017,left,2.0,19500,24854.84,4,3,0,1,5,1
2020,left,2.0,19000,19883.872,0,3,0,7,5,1
2004,left,2.0,15750,148507.669,2,4,0,16,5,2
2018,left,2.0,15750,29204.437,2,3,0,1,5,1
2017,left,2.0,15500,88856.053,3,3,0,1,6,1
2020,left,2.0,23000,67.0,4,3,0,16,5,1
2017,left,2.0,15500,65000.0,3,3,0,14,6,1
2017,left,2.0,15000,37282.26,3,3,0,14,6,1
2014,left,2.0,10500,87980.0,0,3,0,16,5,2
2018,left,2.0,16500,85000.0,3,3,0,1,6,2
2017,left,2.0,17000,23612.098,3,3,0,14,1,1
2018,left,2.0,12700,136000.0,1,3,0,16,5,1
2008,left,2.0,9200,128623.797,4,3,0,13,5,1
2010,left,2.0,11400,142293.959,2,3,0,1,5,1
2012,left,2.0,9500,85000.0,0,3,0,14,5,2
2017,left,2.0,14500,62137.1,1,3,0,14,5,1
2020,left,2.0,21000,29000.0,1,3,0,1,5,1
2016,left,2.0,11300,50331.051,0,3,0,14,5,1
2012,left,2.0,9300,131000.0,0,1,0,7,5,1
2018,left,2.0,18700,29000.0,1,3,0,13,5,1
2020,left,2.0,16500,45000.0,0,3,0,16,5,1
2020,left,2.0,14500,56000.0,1,3,0,7,5,1
2020,left,2.0,19200,10000.0,4,3,0,1,5,1
2016,left,2.0,13875,99755.0,4,1,0,14,5,1
2007,left,2.0,9000,124274.2,2,3,0,14,5,1
2018,left,2.0,13000,50000.0,0,3,0,16,5,2
2018,left,2.0,13900,107000.0,0,3,0,16,5,1
2015,left,2.0,10500,36000.0,0,3,0,4,5,1
2010,left,2.0,5500,137900.0,1,3,0,1,5,0
2011,left,2.0,8900,77671.375,0,3,0,1,5,2
2013,left,2.0,10000,124000.0,0,3,0,16,5,2
2020,left,2.0,16900,74000.0,1,3,0,2,5,1
1997,left,2.0,5000,141672.588,2,1,0,1,5,2
2013,left,2.0,10500,70836.294,1,1,0,10,5,2
2015,left,2.0,25000,64.001213,2,3,0,1,5,1
2017,left,2.0,14500,36660.889,0,3,0,7,5,1
2018,left,2.0,15200,47845.567,3,3,0,2,6,2
2019,left,2.0,16000,24854.84,1,1,0,7,5,1
2017,left,2.0,26000,49088.309,2,3,0,1,5,1
2016,left,2.0,14200,62137.1,0,3,0,4,5,1
2012,left,2.0,14400,124274.2,2,3,0,7,5,1
2005,left,2.0,9800,118060.49,2,3,0,2,5,1
2016,left,2.0,14500,61000.0,0,3,0,16,5,1
2019,left,2.0,16400,62.0,0,3,0,14,5,2
2019,left,2.0,17200,40000.0,1,3,0,7,5,1
2001,left,2.0,5500,152857.266,2,1,0,14,5,2
2019,left,2.0,16800,27000.0,0,3,0,16,5,1
2016,left,2.0,15500,52000.0,0,3,0,16,5,1
2018,left,2.0,13800,32311.292,0,3,0,14,5,1
2019,left,2.0,16700,56300.0,0,3,0,14,5,1
2019,left,2.0,14000,35348.0,0,3,0,16,5,1
2019,left,2.0,18500,48000.0,4,3,0,1,5,1
2019,left,2.0,18500,12427.42,0,3,0,13,5,1
2018,left,2.0,15500,48000.0,0,3,0,2,5,1
2019,left,2.0,18000,20000.0,0,3,0,1,5,1
2008,left,2.0,10500,95691.134,2,3,0,1,5,2
2019,left,2.0,16500,35000.0,1,3,0,1,5,1
2017,left,2.0,12000,31379.2355,0,3,0,14,5,1
2020,left,2.0,18000,18641.13,1,3,0,2,5,1
2017,left,2.0,17500,78000.0,3,3,0,16,6,1
2019,left,2.0,23000,74564.52,4,3,0,1,5,3
2011,left,2.0,15750,74564.52,4,3,0,1,5,2
2012,left,2.0,9000,135000.0,0,1,0,1,5,2
2019,left,2.0,13900,32000.0,0,3,0,13,5,1
2008,left,2.0,12500,94448.392,2,3,0,7,5,1
1995,left,2.0,5000,155342.75,2,1,0,16,5,2
2019,left,2.0,14500,21126.614,1,3,0,1,5,1
2020,left,2.0,19300,32000.0,3,3,0,7,2,1
2019,left,2.0,17000,32000.0,1,3,0,1,5,2
2017,left,2.0,14800,73943.149,3,3,0,2,6,1
2020,left,2.0,19500,16000.0,4,3,0,16,5,1
2022,left,2.0,27500,3000.0,0,3,0,2,5,1
2000,left,2.0,8500,83885.085,2,3,0,14,5,1
2020,left,2.0,11000,22369.356,4,3,0,1,5,0
2020,left,2.0,21000,45.360083,3,3,0,16,6,1
2005,left,2.0,7800,155342.75,2,3,0,16,5,2
2019,left,2.0,16000,58000.0,1,3,0,14,5,1
2019,left,2.0,15750,66661.0,0,3,0,14,5,2
2019,left,2.0,14900,64000.0,1,3,0,2,5,1
2019,left,2.0,19500,28000.0,3,3,0,1,6,1
2014,left,2.0,9475,158000.0,0,3,0,14,5,1
2020,left,2.0,16900,45981.454,1,3,0,2,5,1
2018,left,2.0,15750,80000.0,3,3,0,16,1,1
2016,left,2.0,11100,99419.36,0,3,0,1,5,1
2020,left,2.0,20000,37000.0,1,3,0,9,5,1
2004,left,2.0,7600,161556.46,2,1,0,7,5,2
2020,left,2.0,15750,38000.0,0,3,0,16,5,1
2017,left,2.0,15000,90098.795,1,4,0,16,5,1
2019,left,2.0,15750,17398.388,3,3,0,7,6,1
2017,left,2.0,15000,38000.0,0,3,0,14,5,1
2015,left,2.0,11500,83000.0,0,3,0,16,5,2
2007,left,2.0,9500,149129.04,4,3,0,1,5,2
2018,left,2.0,14800,38900.0,1,3,0,1,5,1
2007,left,2.0,7250,99419.36,0,3,0,1,5,1
2019,left,2.0,19300,28400.0,3,3,0,1,6,1
2020,left,2.0,21700,18641.13,4,3,0,7,5,1
2012,left,2.0,15500,105633.07,2,3,0,16,6,1
2019,left,2.0,17300,26800.0,1,3,0,1,5,1
2018,left,2.0,21000,45000.0,3,4,0,7,6,1
2018,left,2.0,13500,49088.309,0,3,0,1,5,1
2014,left,2.0,18000,7280.0,2,3,0,13,5,1
2008,left,2.0,12300,81399.601,2,3,0,16,5,1
2014,left,2.0,13000,77671.375,4,3,0,2,5,2
2019,left,2.0,18500,76000.0,0,3,0,1,5,1
2020,left,2.0,22900,42563.9135,4,3,0,14,5,1
2019,left,2.0,23200,49000.0,3,3,0,7,6,1
2020,left,2.0,19000,60000.0,1,3,0,14,5,1
2018,left,2.0,15250,52000.0,0,3,0,7,5,1
2018,left,2.0,15000,72200.0,3,3,0,1,6,1
2007,left,2.0,12000,173983.88,2,4,0,1,5,2
2009,left,2.0,11300,111846.78,4,3,0,1,5,1
2013,left,2.0,13500,164041.944,4,4,0,1,5,2
1995,left,2.0,4500,130487.91,2,1,0,14,5,4
2017,left,2.0,15750,80000.0,3,3,0,16,6,1
2017,left,2.0,12000,58000.0,1,3,0,16,5,1
2017,left,2.0,13500,102526.215,3,3,0,1,5,2
1998,left,2.0,5900,171499.017371,2,3,0,16,5,2
2017,left,2.0,15750,95000.0,0,3,0,14,5,1
2001,left,2.0,6000,142915.33,2,3,0,14,5,2
2010,left,2.0,8500,86000.0,1,3,0,16,5,1
2016,left,2.0,15500,52816.535,4,3,0,1,5,1
2019,left,2.0,15000,55000.0,0,3,0,3,5,2
2020,left,2.0,16200,45000.0,0,3,0,16,5,1
2012,left,2.0,14000,62137.1,2,3,0,14,5,1
2016,left,2.0,12200,106000.0,0,3,0,16,5,1
2019,left,2.0,16900,53500.0,1,3,0,16,5,1
2019,left,2.0,16600,11000.0,0,3,0,2,5,1
2018,left,2.0,15000,65000.0,0,3,0,1,5,1
2020,left,2.0,25800,32938.255339,4,3,0,1,5,1
2020,left,2.0,15750,20000.0,3,3,0,1,6,1
2018,left,2.0,18500,44000.0,3,3,0,14,6,1
2017,left,2.0,12500,136000.0,0,1,0,16,5,2
2019,left,2.0,18900,79000.0,3,3,0,1,6,1
2017,left,2.0,12900,40400.0,0,3,0,1,5,1
2018,left,2.0,16500,64000.0,3,3,0,2,6,1
2017,left,2.0,18000,46602.825,4,3,0,10,5,1
1995,left,2.0,4500,67.729439,2,1,0,2,5,2
2017,left,2.0,17900,39767.744,4,3,0,1,5,1
2019,left,2.0,18500,19262.501,3,3,0,1,6,1
2014,left,2.0,10000,159000.0,0,3,0,7,5,2
2018,left,2.0,20700,54000.0,3,3,0,16,1,1
2012,left,2.0,8900,131000.0,0,4,0,16,5,1
2019,left,2.0,16400,58000.0,1,3,0,16,5,1
2017,left,2.0,11400,115000.0,1,3,0,1,5,1
2012,left,2.0,7600,146500.0,1,4,0,1,5,2
2010,left,2.0,7200,166000.0,1,3,0,2,0,2
2017,left,2.0,16500,40.0,3,3,0,1,6,2
2012,left,2.0,9900,100000.0,1,1,0,16,5,1
2017,left,2.0,16000,77000.0,3,3,0,16,6,1
2009,left,2.0,12500,111846.78,2,3,0,16,5,2
2021,left,2.0,15750,20000.0,4,3,0,1,5,1
2017,left,2.0,14700,35000.0,3,3,0,2,6,1
2018,left,2.0,20300,45000.0,3,3,0,16,6,1
2021,left,2.0,26200,22369.356,0,3,0,16,5,1
2015,left,2.0,15750,80000.0,2,3,0,1,5,1
2019,left,2.0,17300,29700.0,1,3,0,7,5,1
2018,left,2.0,17500,61000.0,3,3,0,1,6,1
2015,left,2.0,14800,99000.0,4,3,0,1,5,2
2017,left,2.0,12700,99000.0,0,3,0,16,5,1
2019,left,2.0,17500,20000.0,1,3,0,16,5,1
2014,left,2.0,15300,93205.65,4,3,0,16,5,1
2018,left,2.0,15800,14000.0,0,3,0,1,5,1
2015,left,2.0,15750,55923.39,2,3,0,16,5,1
2017,left,2.0,12700,43000.0,0,3,0,7,5,1
1996,left,2.0,5700,163420.573,2,3,0,14,5,1
2021,left,2.0,19900,19883.872,3,3,0,1,6,3
2013,left,2.0,12500,85625.0,1,3,0,1,5,2
2020,left,2.0,19900,41631.857,4,3,0,16,5,1
2013,left,2.0,9000,140000.0,0,3,0,14,5,2
2020,left,2.0,20700,11184.678,3,3,0,7,6,1
2016,left,2.0,28000,54000.0,2,3,0,1,5,1
2020,left,2.0,17500,75000.0,0,3,0,13,5,1
2015,left,2.0,20800,36039.518000000004,2,3,0,16,5,1
2019,left,2.0,20000,54000.0,3,3,0,1,6,1
2016,left,2.0,15800,54059.277,4,1,0,16,5,1
2017,left,2.0,14700,123000.0,4,3,0,14,5,1
2020,left,2.0,18200,69000.0,1,3,0,16,5,1
2019,left,2.0,18000,50000.0,3,3,0,7,6,1
2018,left,2.0,17900,45000.0,3,3,0,14,6,1
2018,left,2.0,13950,78000.0,0,3,0,2,5,1
2016,left,2.0,13000,123031.458,3,3,0,3,6,1
2016,left,2.0,12700,85127.827,0,4,0,16,5,1
2019,left,2.0,18000,19883.872,0,3,0,2,5,1
2016,left,2.0,15750,70836.294,4,3,0,1,5,1
2001,left,2.0,3800,155342.75,4,3,0,2,2,4
2009,left,2.0,7200,54.680648,1,3,0,2,0,2
2006,left,2.0,6500,167.77017,2,3,0,14,5,4
2019,left,2.0,19300,22000.0,3,3,0,16,6,1
2020,left,2.0,19000,25000.0,0,3,0,1,5,1
1998,left,2.0,4600,96312.505,2,3,0,1,5,1
2015,left,2.0,10200,56544.761,0,3,0,7,5,1
2020,left,2.0,18500,33000.0,1,3,0,2,5,1
2002,left,2.0,5800,161556.46,2,3,0,2,5,2
2021,left,2.0,23500,17000.0,4,3,0,7,5,1
2015,left,2.0,10700,85000.0,1,3,0,1,5,2
2019,left,2.0,18000,12427.42,1,3,0,16,5,2
2018,left,2.0,18500,41631.857,3,3,0,14,6,1
2017,left,2.0,19800,66000.0,3,3,0,14,6,1
2017,left,2.0,10800,97.0,1,3,0,14,5,2
2012,left,2.0,13500,110000.0,4,3,0,16,5,1
2011,left,2.0,10200,103147.586,0,3,0,14,5,2
2012,left,2.0,8500,77000.0,1,3,0,1,5,1
2023,left,2.0,25000,24.85484,4,3,0,16,5,2
2019,left,2.0,15750,90000.0,1,3,0,1,5,2
2015,left,2.0,18300,54059.277,4,3,0,1,5,1
2003,left,2.0,6600,118060.49,2,4,0,7,5,4
2019,left,2.0,15200,46000.0,1,3,0,7,5,2
2017,left,2.0,20500,65000.0,3,3,0,7,6,1
2015,left,2.0,10900,120.0,0,3,0,16,5,1
2020,left,2.0,15900,67000.0,4,3,0,13,5,1
2019,left,2.0,17200,16600.0,1,3,0,13,5,1
2016,left,2.0,9400,74564.52,1,3,0,1,5,2
1999,left,2.0,4300,161556.46,2,1,0,2,5,4
2013,left,2.0,8600,62137.1,0,3,0,7,5,2
2020,left,2.0,21800,5918.0,0,3,0,14,5,1
2017,left,2.0,15700,110000.0,3,4,0,1,6,1
2014,left,2.0,14000,79535.488,4,3,0,7,5,1
2020,left,2.0,17800,14912.904,1,3,0,1,5,1
2001,left,2.0,6000,159692.347,2,1,0,1,5,2
2015,left,2.0,9000,110000.0,0,1,0,16,5,4
2017,left,2.0,17500,83000.0,3,3,0,16,6,1
2018,left,2.0,20000,25000.0,1,3,0,2,5,1
2022,left,2.0,25500,31.068550000000002,4,3,0,1,5,3
2019,left,2.0,17500,57500.0,1,3,0,14,5,2
2020,left,2.0,14500,49709.68,3,3,0,7,6,1
2010,left,2.0,8000,78000.0,1,3,0,16,0,1
2019,left,2.0,22000,55000.0,4,3,0,16,5,1
2020,left,2.0,19700,26718.953,3,3,0,1,6,1
1996,left,2.0,4300,1980.309377,2,1,0,8,5,2
2012,left,2.0,8900,120000.0,1,3,0,16,5,1
2019,left,2.0,17500,34000.0,1,3,0,16,5,1
2017,left,2.0,12000,64000.0,2,3,0,1,5,0
2019,left,2.0,18500,27961.695,4,3,0,1,5,1
2015,left,2.0,24500,77671.375,2,3,0,16,5,1
2019,left,2.0,15300,88221.0,1,3,0,14,5,1
2008,left,2.0,9800,170877.025,4,1,0,1,5,1
2019,left,2.0,16500,42000.0,1,3,0,7,5,1
2020,left,2.0,16200,27000.0,1,3,0,7,5,1
2019,left,2.0,14200,68000.0,1,3,0,1,5,2
2019,left,2.0,15200,6400.0,3,3,0,14,1,1
2020,left,2.0,15000,36000.0,1,3,0,13,5,1
2019,left,2.0,19000,50000.0,4,3,0,1,5,1
2019,left,2.0,17500,58408.874,0,3,0,1,5,1
2015,left,2.0,14000,81000.0,0,3,0,7,5,1
2019,left,2.0,15400,42000.0,0,3,0,14,5,1
1998,left,2.0,6300,111225.409,2,3,0,1,5,1
2021,left,2.0,20500,27340.324,0,3,0,1,5,1
2016,left,2.0,13800,46900.0,0,3,0,16,5,1
2013,left,2.0,12300,138876.4185,3,3,0,16,6,2
2015,left,2.0,25000,102526.215,2,3,0,1,5,2
2021,left,2.0,25000,42253.228,4,3,0,14,5,1
2018,left,2.0,14000,51573.793,3,3,0,16,6,2
2022,left,2.0,25500,3000.0,1,3,0,1,5,3
2015,left,2.0,12000,82000.0,1,3,0,14,5,1
2020,left,2.0,19000,60000.0,1,3,0,14,5,1
2017,left,2.0,12300,34000.0,1,3,0,1,5,2
2019,left,2.0,17500,15000.0,1,3,0,13,5,1
2022,left,2.0,21000,22000.0,1,3,0,7,5,1
2015,left,2.0,10000,135.0,1,3,0,1,5,1
2019,left,2.0,15300,30000.0,3,3,0,1,6,1
2017,left,2.0,16000,74000.0,3,3,0,1,6,1
2011,left,2.0,12500,118060.49,2,3,0,1,5,1
2021,left,2.0,25600,29000.0,0,3,0,16,5,1
2017,left,2.0,12200,50500.0,0,3,0,14,5,1
2017,left,2.0,27900,46602.825,2,3,0,7,5,1
2018,left,2.0,13600,52816.535,0,3,0,7,5,1
2018,left,2.0,16500,42600.0,0,3,0,16,5,1
1995,left,2.0,4000,180.19759,2,3,0,12,5,4
2020,left,2.0,14500,79535.488,0,3,0,16,5,1
2018,left,2.0,25000,57000.0,3,3,0,16,6,1
2017,left,2.0,14999,63379.842000000004,3,3,0,4,6,1
2017,left,2.0,11800,44117.341,0,3,0,2,5,1
2016,left,2.0,11400,114953.635,0,3,0,2,5,1
2020,left,2.0,17300,37394.0,0,3,0,1,5,0
2018,left,2.0,13800,55923.39,1,3,0,4,5,1
2016,left,2.0,12400,80000.0,0,3,0,2,5,2
2019,left,2.0,18000,21000.0,0,3,0,1,5,1
2019,left,2.0,17700,30000.0,1,3,0,2,5,1
2017,left,2.0,28000,61000.0,2,3,0,1,5,1
2013,left,2.0,10500,146.0,0,3,0,14,5,1
2019,left,2.0,23000,50414.314714,4,3,0,16,5,1
2018,left,2.0,17800,58900.0,3,3,0,16,6,1
2005,left,2.0,6200,136701.62,2,1,0,16,5,2
2017,left,2.0,15750,70000.0,3,3,0,7,6,1
2022,left,2.0,25000,150.0,4,3,0,1,5,1
2017,left,2.0,15750,104000.0,3,3,0,16,6,1
2020,left,2.0,15750,7100.0,1,3,0,14,5,1
1997,left,2.0,4300,162177.831,2,3,0,10,5,4
2022,left,2.0,20900,93.20565,4,3,0,1,5,3
2014,left,2.0,15750,124000.0,4,3,0,16,5,1
2018,left,2.0,14800,88856.053,4,3,0,16,5,1
2017,left,2.0,26400,82000.0,2,3,0,1,5,1
2016,left,2.0,17800,46602.825,4,3,0,1,5,1
2017,left,2.0,19000,37282.26,4,1,0,16,5,1
2020,left,2.0,16700,20000.0,4,3,0,16,5,4
2018,left,2.0,12500,90000.0,0,3,0,1,5,1
2020,left,2.0,16850,24000.0,3,3,0,1,6,1
2000,left,2.0,3800,173983.88,2,3,0,1,0,1
2022,left,2.0,22000,11184.678,1,3,0,16,5,1
2017,left,2.0,13900,44738.712,0,3,0,2,5,1
2016,left,2.0,18500,49709.68,4,3,0,1,5,2
2011,left,2.0,8500,175000.0,1,1,0,1,5,1
2001,left,2.0,6300,146022.185,2,1,0,14,5,2
2017,left,2.0,11800,80000.0,1,3,0,3,5,1
2018,left,2.0,20800,36723.0261,3,3,0,1,1,1
2020,left,2.0,18000,28583.066,1,3,0,2,5,1
2021,left,2.0,20700,53437.906,4,3,0,1,5,1
2022,left,2.0,26500,11000.0,3,3,0,1,6,1
2019,left,2.0,17500,30000.0,0,3,0,7,5,1
2017,left,2.0,13300,106000.0,0,3,0,16,5,1
2018,left,2.0,13900,73000.0,0,1,0,16,5,1
2017,left,2.0,16500,86000.0,3,3,0,14,6,1
2018,left,2.0,21300,35418.147,3,3,0,1,6,1
2015,left,2.0,15750,71457.665,0,3,0,16,5,1
2017,left,2.0,11500,96312.505,1,3,0,14,5,2
2016,left,2.0,26700,74564.52,2,3,0,1,5,1
2019,left,2.0,19800,45047.0,1,3,0,14,5,1
2019,left,2.0,13200,52000.0,1,3,0,1,5,0
2017,left,2.0,14200,82000.0,2,3,0,3,5,0
2019,left,2.0,21000,32000.0,3,3,0,1,6,1
1997,left,2.0,5250,122410.087,2,1,0,14,5,1
2019,left,2.0,18500,69000.0,3,3,0,7,6,1
2019,left,2.0,15600,2485.484,3,3,0,7,6,1
2019,left,2.0,13500,62000.0,1,3,0,1,5,1
2018,left,2.0,13500,35000.0,1,3,0,14,5,1
2019,left,2.0,18800,37282.26,3,1,0,14,6,1
2018,left,2.0,16900,87000.0,3,3,0,2,6,1
2014,left,2.0,10600,14300.0,1,3,0,10,2,1
2022,left,2.0,15750,16000.0,4,3,0,14,5,1
2017,left,2.0,18000,71457.665,4,3,0,16,5,1
2018,left,2.0,14209,50952.422,3,3,0,16,6,1
2012,left,2.0,9200,10.0,1,3,0,13,0,2
2018,left,2.0,17800,66000.0,3,3,0,1,6,1
1997,left,2.0,4700,62137.1,2,1,0,14,5,1
2020,left,2.0,16500,43495.97,0,3,0,1,5,1
2019,left,2.0,14000,44117.341,3,3,0,2,6,2
2018,left,2.0,16500,38000.0,3,3,0,1,6,1
2020,left,2.0,23500,16777.017,4,3,0,1,5,1
2008,left,2.0,9600,136701.62,2,3,0,1,5,1
2016,left,2.0,18000,55985.5271,4,3,0,1,5,1
2017,left,2.0,9900,66486.697,1,3,0,5,5,2
2018,left,2.0,15500,57000.0,0,3,0,16,5,1
2019,left,2.0,14000,49000.0,1,3,0,14,5,1
2019,left,2.0,15000,10563.307,1,3,0,16,5,1
2014,left,2.0,12500,130000.0,0,3,0,1,5,1
2016,left,2.0,11000,26000.0,0,3,0,13,5,1
2019,left,2.0,12500,70000.0,3,3,0,7,6,0
2018,left,2.0,15000,23000.0,1,3,0,1,5,1
2017,left,2.0,16900,44061.417610000004,3,3,0,7,6,1
2013,left,2.0,10500,130000.0,0,3,0,14,5,1
2017,left,2.0,12600,63379.842000000004,0,3,0,2,5,1
2023,left,2.0,27000,3106.855,0,3,0,1,5,1
2019,left,2.0,25000,34175.405,4,3,0,1,5,1
2017,left,2.0,12500,45000.0,0,3,0,1,5,1
2015,left,2.0,11500,70000.0,0,3,0,7,5,2
2016,left,2.0,15750,74.56452,3,4,0,16,6,2
2017,left,2.0,16000,53437.906,3,3,0,7,6,1
2017,left,2.0,13300,69000.0,0,3,0,1,5,2
2014,left,2.0,8500,85749.198,0,3,0,1,5,4
1997,left,2.0,4300,116817.748,2,1,0,14,5,4
2017,left,2.0,28000,82020.972,2,3,0,14,5,1
2017,left,2.0,17777,62758.471,3,1,0,1,1,1
2019,left,2.0,16800,31000.0,1,3,0,1,5,1
2019,left,2.0,16500,35418.147,4,3,0,2,5,1
2017,left,2.0,25800,80778.23,2,3,0,1,5,1
2013,left,2.0,12990,77050.004,2,3,0,13,5,1
2018,left,2.0,21000,48000.0,3,3,0,16,6,1
2019,left,2.0,17200,107.0,3,3,0,1,6,1
2015,left,2.0,16500,50952.422,4,1,0,16,5,1
2019,left,2.0,15900,38000.0,0,3,0,1,5,1
2020,left,2.0,17400,30000.0,0,3,0,2,5,1
2018,left,2.0,18200,41000.0,0,3,0,1,5,1
2017,left,2.0,16200,88234.682,3,3,0,1,6,1
1996,left,2.0,5400,161556.46,2,1,0,14,5,2
2011,left,2.0,9300,166000.0,0,3,0,7,5,1
2019,left,2.0,19200,30000.0,3,3,0,2,6,1
2007,left,2.0,9500,112468.151,4,3,0,14,5,1
2019,left,2.0,19900,36600.0,1,3,0,7,5,1
1998,left,2.0,6950,145400.814,2,1,0,14,5,1
2020,left,2.0,20900,18019.759000000002,3,3,0,7,6,3
2018,left,2.0,11600,105000.0,1,3,0,16,5,1
2019,left,2.0,26000,43495.97,4,3,0,2,5,1
2017,left,2.0,14800,52000.0,0,3,0,2,5,1
2017,left,2.0,18000,58000.0,3,3,0,7,6,1
2019,left,2.0,17500,51000.0,3,3,0,7,6,1
2019,left,2.0,17500,27700.0,1,3,0,1,5,1
2017,left,2.0,15500,31068.55,4,3,0,16,5,1
2017,left,2.0,17000,65000.0,0,3,0,14,5,1
2019,left,2.0,17000,23000.0,1,3,0,1,5,1
2019,left,2.0,25300,34796.776,3,3,0,16,1,1
2018,left,2.0,27500,75000.0,2,3,0,16,5,1
2018,left,2.0,17300,33000.0,3,3,0,7,6,1
2019,left,2.0,16000,71000.0,0,3,0,7,5,1
2018,left,2.0,12800,40389.115,1,3,0,16,5,1
2019,left,2.0,15800,66.0,0,3,0,2,5,1
2018,left,2.0,11800,59000.0,1,4,0,1,5,1
2017,left,2.0,11900,49000.0,1,1,0,1,5,2
2018,left,2.0,15750,64000.0,0,3,0,16,5,1
2011,left,2.0,8150,94448.392,1,4,0,16,5,1
2017,left,2.0,14500,59651.616,3,3,0,7,6,1
2020,left,2.0,25000,20000.0,3,3,0,1,6,1
2013,left,2.0,14000,60000.0,4,3,0,16,5,1
2019,left,2.0,16500,21000.0,1,3,0,2,5,1
2018,left,2.0,17300,63000.0,3,3,0,14,6,1
2022,left,2.0,25950,11.806049,4,3,0,16,5,2
2017,left,2.0,14000,48000.0,0,3,0,7,5,1
2019,left,2.0,15000,49000.0,1,3,0,13,5,1
2017,left,2.0,14300,74000.0,4,3,0,1,5,1
2019,left,2.0,23500,38000.0,3,3,0,1,6,1
2019,left,2.0,26800,18641.13,4,3,0,7,5,1
2011,left,2.0,12500,140781.541986,2,3,0,16,5,2
2019,left,2.0,22000,30000.0,4,3,0,2,5,1
2019,left,2.0,17700,40000.0,1,3,0,7,5,1
2018,left,2.0,14500,29000.0,1,3,0,16,5,1
2019,left,2.0,20000,18641.13,3,3,0,1,1,1
2013,left,2.0,10500,71457.665,0,3,0,16,5,1
2020,left,2.0,13900,46800.0,0,3,0,7,5,1
2021,left,2.0,24000,17300.0,4,3,0,2,5,1
2006,left,2.0,7500,136701.62,2,3,0,16,5,1
2017,left,2.0,13700,25.0,0,3,0,7,5,1
2019,left,2.0,15700,52000.0,0,3,0,14,5,1
2018,left,2.0,19000,34796.776,4,3,0,1,5,1
2019,left,2.0,16000,25000.0,0,3,0,7,2,1
2018,left,2.0,14200,38500.0,0,3,0,7,5,1
2016,left,2.0,12500,80778.23,0,1,0,7,5,1
2017,left,2.0,13800,93205.65,0,3,0,0,5,1
2019,left,2.0,17500,43495.97,4,3,0,2,5,1
2017,left,2.0,17000,59000.0,3,3,0,1,6,1
2012,left,2.0,9300,89000.0,0,3,0,7,5,1
2018,left,2.0,19000,36000.0,3,4,0,16,1,1
2018,left,2.0,14000,48466.938,0,3,0,16,5,1
2019,left,2.0,17700,66000.0,3,3,0,2,6,1
2022,left,2.0,27900,2485.484,4,3,0,16,5,1
2020,left,2.0,16500,7456.452,0,3,0,1,5,1
2020,left,2.0,17500,33000.0,1,3,0,7,5,1
2017,left,2.0,13000,78000.0,0,3,0,11,5,1
2010,left,2.0,8200,173983.88,1,3,0,7,5,4
2016,left,2.0,14200,57787.503000000004,4,3,0,1,5,2
2019,left,2.0,17000,33600.0,1,3,0,2,5,1
2017,left,2.0,18000,51500.0,3,3,0,1,1,1
2013,left,2.0,15000,94448.392,2,3,0,16,5,2
2005,left,2.0,6700,118060.49,2,4,0,14,5,2
2017,left,2.0,13100,90000.0,3,3,0,2,1,0
2021,left,2.0,24900,26000.0,0,3,0,7,5,1
2012,left,2.0,13500,74564.52,4,3,0,16,5,2
2020,left,2.0,15400,54058.655629,1,3,0,16,5,1
2022,left,2.0,25000,4038.9115,1,3,0,7,5,2
2018,left,2.0,12300,74564.52,0,3,0,14,5,1
2020,left,2.0,17600,35000.0,1,3,0,13,5,1
2000,left,2.0,6300,161556.46,2,1,0,14,5,1
2016,left,2.0,12300,85000.0,1,3,0,14,5,1
2020,left,2.0,15800,34233.813874,3,3,0,1,5,0
2018,left,2.0,21500,18641.13,3,3,0,1,6,1
2000,left,2.0,15750,124274.2,2,4,0,1,1,4
2013,left,2.0,9500,57166.132,1,3,0,1,5,2
2017,left,2.0,14500,30000.0,3,3,0,16,5,1
2019,left,2.0,21800,31.068550000000002,4,3,0,1,5,1
2019,left,2.0,15750,52816.535,2,3,0,16,5,1
2019,left,2.0,17500,17398.388,0,3,0,16,2,1
2019,left,2.0,14800,19000.0,1,3,0,10,5,3
2019,left,2.0,23800,23000.0,3,3,0,14,6,1
2015,left,2.0,14100,68000.0,4,3,0,10,5,1
2011,left,2.0,9300,150000.0,0,3,0,1,5,1
2021,left,2.0,24000,3728.226,1,3,0,1,5,1
2014,left,2.0,15500,125516.942,3,3,0,16,6,2
2019,left,2.0,16000,46000.0,1,3,0,2,5,1
2017,left,2.0,12500,50000.0,1,3,0,2,5,0
2017,left,2.0,12100,77000.0,0,3,0,1,5,3
2012,left,2.0,16900,74564.52,2,3,0,16,5,2
2017,left,2.0,12600,42000.0,1,3,0,3,5,1
2018,left,2.0,15500,56544.761,3,3,0,16,2,1
2016,left,2.0,12900,56000.0,0,3,0,6,5,1
2021,left,2.0,20000,35000.0,0,3,0,7,5,1
2018,left,2.0,15800,83000.0,1,3,0,2,5,1
2017,left,2.0,12700,39000.0,1,3,0,16,5,1
2018,left,2.0,14000,33554.034,0,3,0,14,5,1
2011,left,2.0,10500,93205.65,4,4,0,1,5,1
2018,left,2.0,12900,21000.0,0,3,0,14,5,1
2016,left,2.0,14700,66000.0,3,3,0,14,6,1
2019,left,2.0,18700,60000.0,4,3,0,14,5,1
2013,left,2.0,13450,69593.552,2,3,0,1,5,1
2017,left,2.0,16300,81000.0,3,3,0,7,6,1
2018,left,2.0,13500,75000.0,1,3,0,14,5,1
2021,left,2.0,24900,55923.39,4,3,0,16,5,1
2019,left,2.0,15500,75000.0,0,3,0,1,5,1
2014,left,2.0,16300,118060.49,2,3,0,16,5,1
2005,left,2.0,6200,115140.0463,2,3,0,1,5,2
2017,left,2.0,16500,30000.0,3,3,0,1,6,1
2018,left,2.0,20000,45360.083,3,3,0,1,6,1
2019,left,2.0,17500,54000.0,1,3,0,2,5,1
2016,left,2.0,10900,68350.81,0,3,0,14,5,1
2011,left,2.0,8800,129245.168,3,3,0,16,1,4
2019,left,2.0,23500,42253.228,4,3,0,16,5,1
2013,left,2.0,16300,98000.0,2,3,0,1,5,1
2018,left,2.0,17300,63000.0,1,3,0,16,5,1
2016,left,2.0,15000,36494.0,0,3,0,7,5,1
2011,left,2.0,9500,121000.0,0,1,0,1,5,1
2017,left,2.0,16500,34000.0,3,3,0,1,6,1
2020,left,2.0,16000,26097.582,3,3,0,14,5,1
2012,left,2.0,13000,87000.0,4,3,0,16,5,2
2017,left,2.0,20000,40000.0,4,3,0,16,5,1
2022,left,2.0,24000,18019.759000000002,1,3,0,16,5,1
2018,left,2.0,15750,7456.452,3,3,0,7,1,1
2017,left,2.0,17500,57166.132,3,3,0,10,6,1
2019,left,2.0,17000,30000.0,1,3,0,10,5,1
2018,left,2.0,16000,72000.0,3,3,0,1,6,1
2018,left,2.0,26900,36500.0,2,3,0,16,5,1
2016,left,2.0,12500,160000.0,0,1,0,1,5,2
2019,left,2.0,21000,44000.0,4,3,0,16,5,1
2022,left,2.0,23900,25000.0,0,3,0,1,5,1
2020,left,2.0,20000,26097.582,3,3,0,7,6,1
2016,left,2.0,28000,47845.567,2,3,0,1,5,1
2018,left,2.0,19000,52816.535,3,3,0,1,6,1
2008,left,2.0,8300,147500.0,4,3,0,14,5,2
2021,left,2.0,15600,5180.0,1,3,0,1,5,0
2018,left,2.0,13500,49709.68,0,3,0,1,5,1
2008,left,2.0,11000,140000.0,2,3,0,16,5,2
2007,left,2.0,15750,99419.36,2,4,0,10,5,2
2013,left,2.0,8500,170000.0,0,1,0,7,5,1
2014,left,2.0,16000,60894.358,4,3,0,1,5,1
2018,left,2.0,18300,70000.0,3,3,0,1,6,3
2018,left,2.0,17700,113000.0,4,3,0,1,5,1
2019,left,2.0,17300,26718.953,0,3,0,16,5,1
2017,left,2.0,13200,44000.0,0,3,0,7,5,1
2008,left,2.0,13750,82020.972,2,3,0,1,5,2
2022,left,2.0,25800,12.42742,4,3,0,16,5,3
2011,left,2.0,8900,168000.0,1,1,0,16,5,1
2018,left,2.0,13500,79000.0,0,3,0,1,5,1
2019,left,2.0,17500,66000.0,1,3,0,14,5,1
2020,left,2.0,23800,20505.243,4,3,0,16,5,1
2019,left,2.0,15700,12116.7345,3,3,0,14,5,2
2011,left,2.0,10300,155000.0,0,1,0,7,5,1
2022,left,2.0,15750,3106.855,0,3,0,1,5,1
2012,left,2.0,15500,55302.019,2,3,0,16,5,1
2020,left,2.0,15750,16155.646,2,3,0,1,5,1
2016,left,2.0,14000,43000.0,0,3,0,2,5,2
2013,left,2.0,9200,90000.0,0,1,0,7,5,1
2016,left,2.0,16500,54059.277,4,3,0,1,5,1
2020,left,2.0,12700,49000.0,0,3,0,7,5,2
1997,left,2.0,5700,129866.539,2,1,0,2,5,2
2019,left,2.0,15750,78000.0,1,3,0,16,5,1
2020,left,2.0,15500,38000.0,0,3,0,14,5,1
2019,left,2.0,17900,63800.0,1,3,0,7,5,1
2018,left,2.0,11800,68000.0,0,3,0,16,2,1
2019,left,2.0,17000,22000.0,1,3,0,1,5,1
2017,left,2.0,12900,58000.0,1,1,0,16,5,1
2019,left,2.0,13700,45000.0,0,3,0,1,5,1
2010,left,2.0,7300,158000.0,1,3,0,1,5,2
2011,left,2.0,10200,72000.0,4,1,0,14,5,1
2009,left,2.0,13000,90098.795,2,1,0,16,5,1
2018,left,2.0,12900,45360.083,0,3,0,1,5,1
2019,left,2.0,21500,66000.0,3,3,0,16,6,1
2020,left,2.0,16000,29000.0,0,3,0,7,5,1
2019,left,2.0,18000,44500.0,1,3,0,16,5,1
2019,left,2.0,15500,30200.0,0,3,0,1,5,2
2017,left,2.0,13000,77000.0,1,3,0,10,5,1
2017,left,2.0,12000,60000.0,1,3,0,14,5,2
2020,left,2.0,19500,19000.0,3,3,0,1,6,1
2019,left,2.0,16600,46000.0,1,3,0,1,5,1
2020,left,2.0,14500,79535.488,0,3,0,16,5,1
2015,left,2.0,26700,118060.49,2,3,0,16,5,1
2018,left,2.0,13500,59000.0,1,3,0,2,5,2
2017,left,2.0,17600,43000.0,3,3,0,1,6,1
2017,left,2.0,14600,90720.166,3,3,0,14,6,2
2008,left,2.0,15750,127381.05500000001,2,3,0,6,5,4
2020,left,2.0,15000,60000.0,0,3,0,1,5,3
2016,left,2.0,15300,52816.535,4,3,0,1,5,1
2018,left,2.0,14900,83000.0,1,1,0,13,1,1
2016,left,2.0,16500,71457.665,4,1,0,16,5,1
1999,left,2.0,6000,172119.767,2,1,0,2,5,1
1998,left,2.0,4600,94448.392,2,3,0,1,5,1
2015,left,2.0,11500,42000.0,0,3,0,7,5,1
2023,left,2.0,26000,7767.1375,0,3,0,14,5,1
2019,left,2.0,14400,37000.0,1,3,0,13,5,1
2019,left,2.0,14900,13048.791,1,3,0,2,5,1
2018,left,2.0,16000,57000.0,0,3,0,13,5,1
2020,left,2.0,15000,37000.0,1,3,0,14,5,1
2018,left,2.0,17500,100000.0,3,3,0,14,6,1
2017,left,2.0,17000,48000.0,3,3,0,10,6,1
2017,left,2.0,15600,57787.503000000004,3,3,0,16,6,1
2011,left,2.0,12000,105000.0,0,3,0,1,5,1
2015,left,2.0,14900,90000.0,3,3,0,4,6,1
2021,left,2.0,26000,5592.339,4,3,0,1,5,1
2015,left,2.0,25500,74564.52,2,3,0,4,5,1
2022,left,2.0,25000,2485.484,4,3,0,1,2,1
2016,left,2.0,14700,74000.0,4,3,0,10,5,1
2020,left,2.0,18500,17000.0,1,3,0,16,5,1
2019,left,2.0,15500,58000.0,1,3,0,2,5,1
2009,left,2.0,12000,123000.0,2,3,0,13,5,1
2021,left,2.0,25500,4784.5567,1,3,0,2,5,1
2016,left,2.0,25000,64001.213,2,3,0,1,5,1
1998,left,2.0,7000,96312.505,2,3,0,10,5,1
2009,left,2.0,11700,99.41936,2,1,0,3,5,2
2020,left,2.0,19000,52000.0,3,3,0,7,6,1
2019,left,2.0,23500,18019.759000000002,4,3,0,16,5,1
2019,left,2.0,16500,57800.0,4,3,0,12,5,2
2016,left,2.0,12000,69000.0,4,3,0,7,5,2
2015,left,2.0,11300,111111.0,0,3,0,16,5,2
2017,left,2.0,16500,47900.0,3,3,0,13,6,1
2018,left,2.0,15500,41631.857,0,1,0,2,5,2
2017,left,2.0,17500,111846.78,3,3,0,16,6,1
2018,left,2.0,25400,42874.599,2,3,0,1,5,1
2017,left,2.0,12400,120000.0,0,3,0,16,5,2
2014,left,2.0,16500,105633.07,4,3,0,1,5,2
2018,left,2.0,19500,68900.0,3,3,0,2,6,2
2019,left,2.0,19500,31000.0,3,3,0,1,6,1
